business_id,business_name,email,business_type,branches
B0001,"Travis, Washington and Smith",duncanlauren@byrd-blackburn.com,healthcare,"78844 Linda Loaf Apt. 531, Smithburgh, PA 23132"
B0002,Gomez and Sons,juliaeaton@carroll.com,transport,"97807 Ashley Summit, Catherineview, WY 38732|849 Bailey Extensions Suite 232, Andrewburgh, VI 63181|139 Jones Plaza Suite 325, South Bradley, SC 59680"
B0003,"Boyle, Owens and Bean",sullivandawn@ward-lyons.com,hotel,"3178 Johnny Vista, West Timothyview, IL 78556"
B0004,"Harris, Campbell and Jones",briansmith@cruz-brown.info,online retail,"48782 Christina Forges, North Brian, NH 13738"
B0005,Francis-Chang,traceyherrera@price-berry.com,healthcare,"1809 Scott Court Apt. 236, New Karenberg, NV 71923"
B0006,Ray-Mosley,jennifer21@mckay.com,healthcare,"54913 Teresa Loop Apt. 838, New Albertberg, WV 86207|1168 Simpson Trail Suite 173, Boonefort, VT 20963|79614 Ethan Greens, West Tiffany, HI 27774"
B0007,Black-Palmer,carrielynch@jones.com,technology,"88436 James Estates, Millerfort, MD 15250"
B0008,Arnold Ltd,underwoodjesus@robinson-love.com,technology,"9178 Rose Key Apt. 872, Edwardchester, NM 75822|224 Bell Cove, South Josephton, DC 24844"
B0009,Davis LLC,jamiebanks@garcia-hamilton.net,transport,"96166 Gutierrez Hills, Smithton, WY 14204"
B0010,Thomas-Curtis,kristirobinson@brown.biz,transport,"47073 Fernandez Track, Barkermouth, MN 49437"
B0011,"Torres, Lawrence and Martin",michaelahernandez@johnson.biz,online retail,"976 Jessica Harbors Suite 156, Lake William, HI 11660|715 Jermaine Orchard Apt. 868, Jimmyfurt, NV 49519|01492 Sharp Vista Apt. 879, Phillipsstad, IA 91460"
B0012,"Love, Bowen and Newton",heather59@hernandez.com,technology,"8229 Charles Inlet, Cherylbury, NJ 23327"
B0013,Nguyen-Weiss,meganvillarreal@callahan-crane.com,technology,"5348 Robles Street Suite 938, Danielsburgh, VI 85331"
B0014,"Adams, Brown and Gallegos",ngonzalez@simpson.com,healthcare,"8881 Andrade Crescent Suite 334, Andrewfurt, GA 32150|091 Clark Mountains, Robertberg, GU 12458|3827 Ford Summit, Port Jacob, MI 68344"
B0015,"Alvarez, Davis and Barrera",brittanyrusso@moore-cooper.net,healthcare,"729 Miller Fords Apt. 784, Tylerfort, NY 11911|622 Jennifer Tunnel, East Josephtown, KS 98812|019 Debbie Spur Suite 680, New Barbara, VI 55736"
B0016,"Barber, Pope and Berry",albertguzman@acosta.info,restaurant,"58054 Berg Bridge Apt. 227, Jacobberg, OR 54117"
B0017,Vargas PLC,timothy84@ross-kennedy.com,restaurant,"88056 Scott Alley Suite 893, Jamieshire, OK 96148|2121 Benjamin Mountain, South Laura, VI 17261|6809 Jason Rest Suite 896, Nortonmouth, MA 24780"
B0018,"Barber, Bass and Rollins",paulpowell@cameron.biz,hotel,"Unit 1320 Box 3928, DPO AP 62459"
B0019,Johnson-Walters,mariedixon@hubbard-martin.com,online retail,"3275 Kelsey Summit Suite 660, Port Kennethmouth, AS 80847|2970 Terri Grove, North Christopher, GA 31694|63147 Rodney Mission, West Scott, NY 13432"
B0020,Morrison and Sons,jasonwise@bennett-henderson.com,restaurant,"05730 Harrison Mount Suite 320, Andresville, DC 95868|106 Timothy Orchard, New Kimberlychester, MP 42856"
B0021,Atkins-Vaughn,fcarlson@guerrero.info,hotel,"4658 Jessica Station, East Loganbury, KY 07016"
B0022,"Lyons, Cannon and Allen",brandonrogers@torres.com,online retail,"4579 Ronald Wells Suite 808, Kanefort, ME 29844|572 Navarro Highway Apt. 420, Port Jill, NJ 03775"
B0023,Cain Group,mallorywelch@mckee.biz,transport,"5717 Boyd Burgs, Williamschester, HI 18332"
B0024,House Ltd,emilycastaneda@wade.com,restaurant,"558 Lee Underpass Apt. 897, North Christopherberg, MH 88450"
B0025,Mclaughlin-Tucker,olsonpeter@hayes.net,hotel,"296 Barrera Tunnel Suite 524, Cruzbury, NY 25935|11703 Darlene Glens, Huffmanmouth, ND 12436"
B0026,Anderson-Bradley,pmills@walker.com,technology,"Unit 2794 Box 9626, DPO AA 30926|0753 James Locks Apt. 583, Victoriaport, MS 46317"
B0027,Cooke-Miller,vjohnson@black-hill.info,transport,"56971 James Crest Apt. 895, Port Jonathanmouth, NV 82991|7835 Anthony Corners, Port Jeffrey, UT 97989|904 Joseph Rest Suite 111, South Dannyland, NH 35832"
B0028,Guerra Inc,patrick43@mann.com,restaurant,"411 Trevino Terrace, Annetteside, IA 70837|004 Amanda Isle Apt. 966, Lake Stacymouth, GA 66487|7719 Anthony Land, Lake Shari, ME 28452"
B0029,"Hill, Montgomery and Gonzalez",kbailey@parsons.biz,transport,"842 Vanessa Burgs Apt. 648, New Alice, PR 77316|5079 Noble Walk, North Tyler, TN 56696"
B0030,Curtis-Johnson,jamesdavis@smith.biz,transport,"438 Allison Cape Apt. 833, East Stephanie, NM 26684|023 Gary Ridges, Barryshire, PW 13560|8738 Shelley Light Suite 919, New Mariaburgh, TN 48446"
B0031,Maddox Group,susan57@nguyen.com,hotel,"4988 Jones Place, Lake Bradleybury, IN 03047|151 Laura Gardens, New Margaretfort, NV 68664|28133 Joseph Station, Port Carlosmouth, ND 63555"
B0032,Greene and Sons,wanda45@reid-alvarado.com,technology,"020 Todd Loop Apt. 821, Padillamouth, WI 01301|08424 Jackson Flats, Austinburgh, ME 27288"
B0033,"Parks, Franklin and Jensen",gallowayjohn@stone.com,technology,"01887 Steven Ville Suite 999, Michaelville, CT 63519"
B0034,"Cox, Webb and Orozco",barbara84@hull.info,healthcare,"61044 Jennifer Junction, New Davidland, WA 61035"
B0035,Perry Ltd,millertara@mcdowell-wilson.com,transport,"90886 Gonzalez Burgs, Chentown, VI 24431|630 Robertson Well, Martinezburgh, ND 80035|032 Clayton Courts, Greentown, HI 05023"
B0036,Lane-Yang,zreid@davis.org,online retail,"4617 Amber Unions, Kimton, VA 08864|PSC 8186, Box 7201, APO AA 97587"
B0037,"Spencer, Parker and Jones",james87@hart-barrett.com,transport,"08882 Edward Fields Suite 313, Patriciaburgh, PR 79617"
B0038,Clark Ltd,gillespiemitchell@mckinney.biz,transport,"648 Katrina Lodge, Bairdland, AK 50733|781 Rodriguez Drive Apt. 594, Amandaberg, WY 81847"
B0039,"Serrano, Tate and Walker",leslieperez@novak.com,hotel,"USCGC Mccarthy, FPO AP 53033|39334 Myers Prairie Apt. 357, Brownchester, VA 73276"
B0040,Russell Ltd,maylisa@garcia-campbell.biz,healthcare,"140 Keith Gardens Suite 847, Juliaberg, AR 95318|89710 Cheryl Alley Suite 648, Andreaborough, MP 98684"
B0041,Sharp-Moran,sbowman@jones-williamson.com,online retail,"0689 Rogers Extension Suite 378, Atkinsonborough, PA 50759|149 Chavez Stream, East Jessica, GA 19857"
B0042,Briggs and Sons,mary14@green.com,hotel,"77732 Anthony Stravenue Apt. 863, Port Stephenborough, MD 31825"
B0043,"Calhoun, Costa and Nelson",amueller@young.com,healthcare,"58304 Zhang Route, North Christopher, VT 77987|5674 Mark Inlet Apt. 584, Garrettmouth, IL 03164"
B0044,Russell-Johnson,kristinasimmons@hoover-lawson.info,healthcare,"PSC 7982, Box 3440, APO AE 89235|169 Joshua Hollow, Heatherfurt, UT 56334|3946 Anna Ferry, North April, KY 47123"
B0045,Kelly Inc,frivera@huff.info,healthcare,"843 Jean Circle Apt. 552, West Joelberg, CA 87090"
B0046,Lee-Gaines,daviskathleen@luna.com,technology,"22673 Morales Road, Kirbyfort, AZ 95213|6802 Glover Viaduct Suite 219, East Dustin, ME 79280|4390 Fleming Villages, North Edwinside, NC 60142"
B0047,Vang-Howard,jesushogan@gregory-davila.org,online retail,"5531 Malone Locks, South Jessicabury, IA 41190|762 Christina Pine Suite 942, Taylorhaven, ME 18018|4640 Williams Freeway, Michaelville, MS 94271"
B0048,Fields-Gray,brooksmichael@snyder-herrera.com,healthcare,"3186 Melissa Shoals, South Samantha, HI 42460"
B0049,Berg PLC,smorales@cox.net,online retail,"03489 Campbell Corners, Daniellehaven, FL 12973|24071 Christina Lane Apt. 818, Lopezborough, DE 31289"
B0050,Costa-Watson,kristen88@figueroa.com,restaurant,"847 Christine Course, Hoside, MS 99615|80262 Henry Mill, Edwardfort, MP 32779"
B0051,"Gibson, Mckinney and Jarvis",jon86@henderson.com,healthcare,"8900 Lori Rest, West Ethan, FL 43427|USNS Mills, FPO AE 37273|36916 Kevin Way, East Jessica, WI 46186"
B0052,"King, Peck and Diaz",molinachristopher@bauer.net,technology,"931 Bobby Fort Suite 955, Blairtown, WI 62742"
B0053,Lopez-Hill,johnsondonald@gonzalez.com,healthcare,"236 Joseph Park, West Chelseaton, IA 75921|1077 Bradley Turnpike, Churchborough, VI 35878"
B0054,Johnson-Mcknight,marysmith@smith.org,transport,"2238 Stevens Valley Suite 260, South William, FM 12595"
B0055,Bauer-Gutierrez,kristen64@davis.com,transport,"1590 Lawrence Green, Paulmouth, VT 86299|2746 Meyers Square, Petersonview, WI 61226"
B0056,Pace-Hodge,zbarrera@jackson.com,restaurant,"8765 Ramirez Union Apt. 136, East Brian, AR 87837|USNV Kirby, FPO AE 74169"
B0057,Ellis-Stewart,whogan@wilson-fitzpatrick.com,transport,"983 Stewart Drive, West Emily, IL 73675"
B0058,Jones-Davis,jamesmcdaniel@mckay.com,technology,"USCGC Romero, FPO AE 80027|37743 Woods Extensions Suite 166, Baxtershire, TN 80586|393 Kline Course Suite 422, Paceport, MH 82372"
B0059,"Vaughn, Mills and Holloway",kristen08@miller.net,hotel,"7446 Martin Fork Suite 420, South Adam, SC 23821"
B0060,"Sosa, Vargas and Daniels",thomas51@fox.biz,healthcare,"776 Catherine Junctions Suite 986, Katherineland, OR 02698|3293 Mahoney Port, Lewismouth, MP 59198"
B0061,Morales Ltd,thomaslisa@mullins.com,restaurant,"USCGC Graves, FPO AA 69083|392 Carlson Crossroad, Millermouth, MH 32374|54714 Michael Groves Suite 056, West Stephenstad, NE 34440"
B0062,Cunningham-Shields,myersmichael@munoz-miller.org,restaurant,"Unit 1144 Box 0542, DPO AP 59569"
B0063,Huerta-Lee,stacy52@young.net,hotel,"9346 Huerta Spur, East Marthafurt, OR 57427"
B0064,Garza Group,zjacobs@frey.info,online retail,"2383 Kim Park Apt. 498, Matthewside, MA 67757|340 Johnson Cliffs, New Roseside, KS 95405|9736 Montgomery Crossroad, Deborahchester, AS 52615"
B0065,Gray-Hogan,donald19@johnson.com,technology,"Unit 3680 Box 0136, DPO AP 09543|PSC 4284, Box 7378, APO AE 56949|749 Nicole Overpass Suite 307, Michaelland, WA 64111"
B0066,Gibson PLC,ulopez@anderson-green.com,hotel,"77616 Hansen Locks Suite 886, New Timothyshire, VT 77666|3339 Kathryn Rapids Suite 705, Bethville, SD 89953|555 William Square, South Karenstad, SD 80427"
B0067,Taylor Ltd,lhenry@ray-johnson.com,technology,"892 Delacruz Camp Apt. 079, East Jillian, HI 30945|802 Martin River Suite 558, Lake Matthewbury, MS 68280"
B0068,"Rogers, Mckee and Howard",oscar93@byrd.com,technology,"5595 Kevin Prairie Apt. 636, Debrafurt, NM 92892|0705 Burns Parkways, West Nicole, ID 29462"
B0069,"Rodriguez, Howard and Turner",ericfisher@young.com,hotel,"36780 Garcia Crescent Apt. 710, Donaldport, RI 93195"
B0070,"Hernandez, Hunt and Marshall",james45@bryan-wilson.org,online retail,"3149 Kelsey Roads Suite 674, South Crystalside, ID 95141|9372 George Mountains Suite 891, Mooneyville, NE 35253|0239 Brendan Village Suite 428, West Zacharymouth, IA 60814"
B0071,"Cross, Robinson and Jackson",amandabruce@joyce.net,restaurant,"925 Ashley Grove Suite 277, Jeremyton, OH 30087"
B0072,Hickman LLC,scottfrederick@dominguez.net,transport,"0650 Garcia Locks, Lake Ruthhaven, TN 60290"
B0073,Kelley-Rodriguez,mhendricks@jones-stokes.com,online retail,"54457 Garcia Plains, Andrewfurt, WA 48033|369 Brittany Groves, Lake Eric, AK 75744|81368 Belinda Light Suite 019, Blakeshire, NH 74704"
B0074,Martinez and Sons,kathy59@smith.info,online retail,"Unit 6126 Box 0190, DPO AP 45204|61552 Jessica Place Apt. 167, Port Lauriestad, WI 35484|73555 Carrillo Locks Suite 017, West Stacy, WY 50282"
B0075,"Zhang, Blair and Horn",ryan15@baker-reed.info,restaurant,"Unit 4892 Box 0118, DPO AE 66370|37088 Chen Land, East Keith, MH 18213|68188 Jackson Point Apt. 847, West Markmouth, NC 73216"
B0076,Gonzalez and Sons,gmoore@vega.info,transport,"48300 Christy Harbor, East Peter, NJ 88658|420 William Cove Suite 066, South Samantha, VA 79616"
B0077,"Young, Greene and Stewart",daltoncrawford@munoz.com,restaurant,"33653 Jared Harbor Apt. 409, Lake Michael, SC 11240|6283 Helen Estate, South Jamesfort, AL 32127|8197 Benjamin Wall Suite 328, Nicholaston, LA 39986"
B0078,Smith Inc,angelaphillips@jones.com,restaurant,"USS Diaz, FPO AA 58315|56551 Moran Landing Suite 479, North Christinaton, WI 71266|781 Joann Coves Suite 845, Carolland, PR 45286"
B0079,"Hurst, Davis and Smith",glendaalvarez@smith.com,hotel,"344 Richard Plain Apt. 403, Deanborough, VA 79923|79763 Heather Points, Gutierrezmouth, AL 72092|15972 Holmes Mill, East Brandon, FL 89675"
B0080,Cook Group,bryan42@lee-carter.com,transport,"PSC 7109, Box 1687, APO AE 68321|62726 Amanda Bridge, New Rebeccaport, NH 12822|5931 Lynch Squares Suite 558, North Natashaton, VI 66005"
B0081,Moreno-Trujillo,carpentermichael@warren.com,healthcare,"641 Webster Mountain Apt. 859, Williamsburgh, TX 65399"
B0082,Reed-Davis,djackson@thomas.com,healthcare,"6449 Noble Ports, New Jordan, FM 04684|987 Pham Junctions, Elliottberg, WA 39651|PSC 7861, Box 6864, APO AA 62532"
B0083,"Reilly, Thomas and Murphy",hernandezjamie@carter.net,hotel,"2293 Melissa Overpass, East Joshuaborough, SC 78147|Unit 0121 Box 8232, DPO AA 97522|86359 Kelley Land Suite 882, New Matthew, AZ 41018"
B0084,"Salinas, Cameron and Wood",kristen12@quinn-sanchez.com,hotel,"7252 Natasha Roads Suite 077, North Michaelchester, CT 42587"
B0085,Walker-Garcia,vickiwalton@watson-cox.info,hotel,"16229 Ramirez Cliff Suite 814, Cherylbury, ND 64206|Unit 6724 Box 7240, DPO AA 30771"
B0086,Reyes-Williams,aprilmiller@sanchez.org,online retail,"53144 Sandra Oval, Lisaville, VA 19655|47052 Sarah Common, Jonesstad, MH 51242"
B0087,White Group,aliciawalker@rubio.com,transport,"3253 Nancy Valley, Trantown, OK 65881|88614 Johnson Lodge, South Fernandoland, ME 42332|0589 Robinson Estates Suite 199, Lake Paula, NC 05303"
B0088,"Crawford, Morris and Sanford",ashleyjohnson@smith.net,healthcare,"5066 Thomas Heights, Stephaniemouth, VI 13175|109 Robert Road, Brooksville, TX 69685"
B0089,"Johnson, Douglas and Smith",gwang@salazar.com,technology,"27679 Andrew Passage Suite 000, South Angelaview, CA 60770"
B0090,Francis-Ross,kristy10@montgomery-barker.org,technology,"3790 Angela View Apt. 448, West Amy, MN 95839"
B0091,Kennedy-Martin,davidjackson@anderson.com,healthcare,"746 Simon Meadows Suite 984, Matthewland, GA 65710|15779 Kenneth Overpass, East Tammyport, OR 65050"
B0092,Reed-Ellis,wlee@cox.com,healthcare,"0534 Christopher Walk Apt. 549, South Elizabeth, WI 53169|11567 Kimberly Landing, Michaelstad, OR 49817|1722 Patrick Freeway Suite 624, South Kevin, VA 74914"
B0093,Sandoval PLC,rebeccagonzalez@molina.com,technology,"12626 Lane Ranch, Wilsonville, NH 90733"
B0094,"Olson, Mendoza and Young",ehall@rosales.com,online retail,"13984 Traci Courts Suite 447, Swansonshire, AR 26638|033 Wheeler Causeway, Stevensonview, IL 42460"
B0095,Martinez-Rich,clarkedavid@english.com,online retail,"PSC 4770, Box 8410, APO AE 96113|2764 Todd Glens, West Roberttown, MN 98242|4311 Sandoval Ports, West Glen, DE 63772"
B0096,Guzman PLC,jhorn@curtis.com,technology,"427 Darlene Lake Suite 560, East Andreaborough, VI 53591"
B0097,Anderson-Lawson,oguerrero@oliver.biz,technology,"2170 Elizabeth Isle Apt. 278, Williammouth, WA 84905|6257 Rich Ville Suite 345, Port Michael, CO 67065"
B0098,Caldwell-Sampson,christinajones@thomas.com,restaurant,"516 Phillips Glens Suite 551, Henryfort, KS 44481"
B0099,"Lambert, Barry and Davis",catherineeaton@sherman-casey.com,transport,"99889 Matthew Trafficway Apt. 186, Waltonberg, FM 84388|48972 Mcdonald Neck, Caseychester, ND 13630"
B0100,"Potter, Doyle and Adams",davidneal@mathis.net,hotel,"17091 Williams Forge Suite 191, North Jacobburgh, WA 11672"
B0101,"Wood, Mays and Lynch",nathaniel95@woods.com,transport,"32545 Collins Mall Suite 728, Knightton, GU 90176"
B0102,Cruz PLC,christianjack@deleon-gomez.com,technology,"61677 Wiley Land Apt. 162, East James, TX 77809"
B0103,"Strong, Rose and Sweeney",hardinheather@rodriguez.com,transport,"9419 Martin Radial Apt. 459, Monicaview, OR 03584|16405 Jimmy Flat Suite 325, South Cody, MO 49417|5753 Kirk Island, New Hunter, GA 87622"
B0104,"Williams, Briggs and Walters",hsmith@watts.com,restaurant,"Unit 1199 Box 2768, DPO AP 65470"
B0105,"Brooks, Fischer and Cruz",kerrheather@brown-carr.com,technology,"75421 Benitez Lodge, West Jesus, GU 44709"
B0106,Mata Inc,james59@moody.com,online retail,"8964 Sean Valleys Suite 834, South Stephanie, PW 63514|Unit 1817 Box 6311, DPO AE 32900|66785 Lisa Island Apt. 815, Port Thomashaven, ME 58356"
B0107,Palmer-Dunn,davidhanson@tucker.org,restaurant,"918 Scott Alley Apt. 368, East Brendamouth, WA 09987|8316 Martinez Village Suite 464, West Robertomouth, AK 23412|03710 Salazar Springs, New Kristen, VT 37414"
B0108,"Walters, Williams and Hill",ashleyjenkins@hill-ford.com,online retail,"1028 Tristan Mills, Houseville, IL 86031|57496 Chad Trail Apt. 919, Jadeberg, CT 26772"
B0109,Simpson-Holden,jessica47@stewart.org,technology,"3253 Debra Station Suite 093, Maciasbury, DC 09862|229 Melissa Stream Suite 506, East Scott, NY 54453|5625 Pollard Track, East Amandatown, FL 53654"
B0110,Daugherty-Castillo,susanellis@terry.com,restaurant,"32809 Paul Light Suite 435, Johnton, MT 42631"
B0111,"Williams, Ramirez and Hutchinson",bradley22@king.com,technology,"3419 Brittany Ports Suite 478, Pateltown, HI 01284|USNS Moore, FPO AP 95042|0454 Walker Court, Lake Jeremyside, NH 99812"
B0112,Jackson-Prince,karen17@white-white.com,healthcare,"1262 Mcknight Underpass Apt. 609, Port Jenniferburgh, PA 60500"
B0113,Stewart-Hunter,larry21@rodriguez.com,healthcare,"53660 Sullivan Station, Vasquezport, MH 83794|120 Howard Lodge Suite 839, Guerraborough, TN 68976"
B0114,Johnson Inc,thomasbaker@ward-malone.com,restaurant,"734 Julie Lodge, Arthurbury, MA 08364|PSC 7637, Box 2086, APO AP 79608|PSC 0307, Box 1809, APO AA 67079"
B0115,Wyatt-Duarte,williamsgregory@quinn-melton.biz,healthcare,"127 Pierce Light, Heatherbury, HI 05674|8269 Johnson Coves Suite 618, Prattville, MD 92460"
B0116,Brown-Warren,richard44@sanchez-campbell.net,restaurant,"112 Rodriguez Place, Marquezstad, FM 65260|912 Charles Estate Suite 019, Kingmouth, UT 89368|993 Higgins Cliffs Apt. 276, Underwoodfort, NY 30102"
B0117,"Valenzuela, Jackson and Smith",nicholasking@lopez-lopez.net,restaurant,"35351 Amanda Haven, Christopherfurt, PA 69980"
B0118,"Farmer, Harding and Vargas",michaeladkins@holmes.com,online retail,"88029 Jenkins Ports Apt. 568, Deleonland, CA 74600"
B0119,Chavez Ltd,nicolas97@ballard.com,transport,"869 Kerr Oval Apt. 514, Paulville, LA 05234|13628 Ingram Camp Suite 223, Amandachester, IL 00992"
B0120,"Gibson, Owens and Banks",jeffery99@bird.com,transport,"4724 Jonathan Forges Apt. 688, Brendahaven, WY 71644|39413 Christine Port, Thomastown, LA 22854|63536 Anita Well, Rayfort, AK 69021"
B0121,"Roach, Edwards and Strickland",billyfrazier@little.org,technology,"195 Hernandez Flats Suite 608, North Krystal, LA 51307"
B0122,Bartlett Group,jamiebutler@miller.com,technology,"506 Bonnie Ville Apt. 264, West Kristy, AZ 40158"
B0123,"West, Moore and Fischer",tracy88@klein-lewis.biz,transport,"74622 Kyle Springs, East Mary, VT 65116"
B0124,"Ali, Evans and Barnett",yandrade@collier.com,healthcare,"4930 Katie View, Amandaville, WI 31533|8775 Lisa Harbors Apt. 787, Figueroaview, IN 21874|8335 Wu Circle, Williamchester, HI 72607"
B0125,Martin LLC,ppierce@henderson.net,transport,"433 Cynthia Bypass Apt. 161, Justinfurt, VT 33970"
B0126,Reyes-Rodriguez,hansenphyllis@hernandez.com,transport,"55358 Amber Fork Apt. 262, East John, SC 76036"
B0127,"Martinez, Santiago and Haynes",joneskelly@gonzales-barker.com,hotel,"19656 Rice Club Apt. 067, Travistown, WI 19124"
B0128,"Montes, Ward and Coleman",taylorromero@mckay-smith.info,technology,"99117 Hunter Branch Apt. 907, Jamesport, WI 18310"
B0129,"Sampson, Hubbard and Santos",huntwilliam@walker.org,hotel,"517 Brown Lakes, Williamfurt, NV 40073|6174 Angela Forges Suite 230, South Michaelville, MA 46913|9267 Francis Extensions Apt. 056, South Stacey, ND 45155"
B0130,"Hart, Walker and Perez",watkinspatrick@jenkins.org,restaurant,"632 Ashley Forest, East Linda, KS 40167"
B0131,"Johnson, Sims and Garza",stevenmorse@gonzalez.org,technology,"221 Alexander Key, West Sandybury, VA 81003"
B0132,"Cummings, Mathews and Dennis",igibson@bolton-mathis.info,healthcare,"6027 Ashley Springs, Lake Todd, MS 99587|71254 Hopkins Harbor, Morriston, AZ 75509|800 Cindy Harbor Apt. 586, Lake Crystal, SC 30323"
B0133,"Hudson, Johnson and Sutton",mary02@carlson.com,technology,"946 Daniels Port Apt. 454, South Maria, DC 38721|420 Henderson Land, South Joshua, UT 70546"
B0134,"Davies, Barnes and House",jeffrey52@moore-smith.org,online retail,"PSC 1883, Box 2961, APO AA 70922|94348 Bishop Street, New Michaelberg, CA 48284"
B0135,Mueller Group,donald21@kidd-burns.biz,restaurant,"404 Grimes Point Suite 235, North Danashire, MH 19419"
B0136,Hamilton Ltd,amber94@campbell.biz,transport,"643 Brian Wall, Williamsonberg, VI 68860"
B0137,"Thomas, Mills and Mitchell",floresgloria@phillips.com,healthcare,"581 Alice Prairie Suite 331, South Stephen, MT 70950|004 Sue Point Suite 730, Markborough, AR 89747"
B0138,"Peters, Sanchez and Nguyen",qchambers@brown.info,hotel,"7522 Mendoza Valley Suite 714, Snyderfurt, VI 78312|77834 Ernest Alley, East Timothyborough, MN 83606"
B0139,Robinson LLC,nancy00@herman.com,restaurant,"3010 Rojas Road Suite 347, New Patrick, MI 67218|782 Evans Loaf, East Roy, CO 84244"
B0140,"Wallace, Clements and Hicks",griffindeborah@williams.com,healthcare,"7300 Audrey Drive Suite 193, Port Sara, VA 33496"
B0141,Cohen LLC,raymonddestiny@manning.com,healthcare,"819 Lori Highway, Justinfurt, VI 57460|Unit 4813 Box 8558, DPO AE 75991|USCGC Lawrence, FPO AP 27151"
B0142,Clark Inc,zgonzalez@spears.info,healthcare,"881 Jorge Way Apt. 274, Lisamouth, OH 90747"
B0143,Morgan Inc,ericboyer@nelson-jimenez.com,transport,"94411 Hoover Lodge, Hammondfort, NV 56299|68152 Marvin Ville Suite 114, Stonemouth, MD 08022"
B0144,"Sutton, Knight and Cooper",vfox@aguilar-smith.com,healthcare,"9476 Lisa Lock, Dorseyfort, VI 32850|282 Wilson Track, New Christopher, TX 39502"
B0145,Burke Ltd,smithrobert@francis.com,transport,"447 Jason Mill, South Jeffland, MS 71662"
B0146,Cook and Sons,coreyfigueroa@smith.com,online retail,"6755 Danielle Canyon, East Alyssaburgh, NV 72311"
B0147,"Craig, Lopez and Watson",daniel10@johnston-hall.net,technology,"751 Sandra Port Apt. 837, Kylechester, ID 83666|86319 Timothy Trail Apt. 912, Rodneyville, DE 80865"
B0148,Chapman Group,cmason@dawson.com,online retail,"752 Morales Forges Apt. 194, West Beckybury, MA 62141|2263 Bowers Summit Suite 719, Port Amyberg, VA 90358"
B0149,"Kaufman, Knox and Parker",dwang@cummings.info,online retail,"6574 May Station Suite 205, Webbstad, SC 57871|06438 Rick Shores Apt. 486, North Michael, LA 82480"
B0150,"Anderson, Mcmillan and Nolan",margaretchristian@washington.com,restaurant,"750 Anthony Run Suite 997, Riversburgh, GA 24657"
B0151,Haas-Mcintosh,jonessamantha@williams.biz,transport,"71277 Yolanda Parkway Suite 187, Samanthafort, FL 79876|588 Kathy Pass Suite 053, Floresfurt, KY 24652"
B0152,"Sanchez, Dougherty and Duncan",beltranstephanie@tanner.info,technology,"2117 Moore Knoll, North Kathleenchester, NH 21501"
B0153,"Diaz, Mora and Bates",amandahess@jimenez.org,transport,"6240 Monique Overpass Apt. 376, West John, SC 67342|47293 Darren Highway Suite 682, Karenhaven, ID 24966|88114 Joseph Valleys Apt. 429, East Sherry, CT 67822"
B0154,Wilson Inc,jonathanlopez@stone.com,technology,"259 Torres Mountains Apt. 148, Allisonmouth, WI 48744"
B0155,Tran PLC,colemanjacob@green.com,transport,"4170 Jackson Underpass, North Megan, RI 80812"
B0156,Rosales-Joseph,brooksvalerie@patterson-montes.biz,online retail,"77550 Annette Garden Suite 348, South Robertport, AR 05235|5405 Ryan Mountains, Guzmanfurt, PR 32084"
B0157,Parsons-Rodriguez,dwood@holloway.com,restaurant,"907 Bruce Way, New Samantha, VT 48412|1445 Bell Summit, Taylorland, NJ 36978"
B0158,Rose LLC,popejohn@johnson-navarro.com,online retail,"9649 Gay Unions, North Nicholas, CT 91632|23142 Michael Rapids Apt. 515, South Michaelview, OR 82549"
B0159,Blankenship-Simmons,thomas07@hurst.com,transport,"869 Gates Underpass Suite 663, Port Christineland, NY 90571"
B0160,"Vincent, Lopez and Davis",tiffanymaddox@hopkins.com,restaurant,"4591 Walker Squares Suite 977, East Louisshire, MO 69247"
B0161,"Owens, Shields and Sanchez",leroyclark@torres-keller.biz,restaurant,"0739 Scott Estate Apt. 210, North Madelinemouth, LA 25529|0146 Michele Lakes Apt. 079, Gloriaport, NH 87023"
B0162,Ashley-Miller,darrell06@vasquez-cooper.net,restaurant,"007 Roberts Drive Apt. 892, Carlosburgh, PR 78476|PSC 8944, Box 0829, APO AE 58655"
B0163,Bridges LLC,evan82@charles.com,restaurant,"512 Seth Locks, West Paulburgh, SD 69655|2598 Joanna Parks Apt. 303, Geraldfort, ME 33963|820 Jennifer Locks Apt. 899, Sharonview, AS 01752"
B0164,"Anderson, Keith and Harrison",llee@hanson.com,healthcare,"USCGC Romero, FPO AP 00778|761 Robert Unions Apt. 659, East Joshua, MN 48247|PSC 2922, Box 3904, APO AP 42745"
B0165,Lee-Clark,megan26@johns.com,healthcare,"059 Sarah Expressway Apt. 697, South Emily, FL 62111|493 Aaron Valleys Suite 308, North Emily, PA 90168|96559 Garrison Motorway Apt. 278, South Karina, AR 26940"
B0166,Day-Martinez,olsonmary@robbins.org,restaurant,"09824 Kenneth Mountain Suite 495, East Danielfurt, AR 88449"
B0167,Gibson Group,courtney86@perkins.com,online retail,"9447 Ana Branch, West Brian, WI 26237|50328 Benjamin Skyway, East Rebecca, ID 97902"
B0168,Bell-Cook,scottalvarez@wade.com,online retail,"36602 Michael Islands, Longmouth, KY 01276"
B0169,Hayes LLC,mharper@brooks.biz,technology,"USNV Sullivan, FPO AA 53191|108 Ochoa Fields Apt. 217, Sandramouth, NM 37176|64455 Humphrey Trafficway Apt. 707, Eileenstad, PR 80360"
B0170,Reese LLC,staceysimpson@collins.org,technology,"7800 Amanda Squares Apt. 631, Taylorview, AL 93719"
B0171,"Serrano, Krause and Riggs",lopezjames@mercer.info,healthcare,"PSC 0111, Box 9222, APO AE 31951|48364 Erin Park, Port Davidton, RI 25850"
B0172,Mcclain Ltd,bhubbard@weber-hoover.com,transport,"290 William Garden, Lake Dennis, CT 66737"
B0173,Bennett-Anderson,lewisjames@kirby-newton.biz,technology,"71116 Cunningham Burgs Suite 142, Freyview, AS 54549|5877 Brianna Court, Kathleenchester, KS 83381"
B0174,Phillips LLC,lschmidt@orr.com,technology,"USCGC Hernandez, FPO AA 28944|85482 Anthony Common Apt. 612, Pamelafurt, NY 22367|7153 Farmer Shoal, South Ronnie, DE 20725"
B0175,"Lee, Fritz and Clark",eoneill@roach.biz,online retail,"072 Jenkins Lodge, Williamsburgh, LA 91578"
B0176,Faulkner-Davis,scott71@obrien.org,technology,"48879 Casey Unions, Carterview, CA 41393"
B0177,"Knapp, Hernandez and Harrington",warrensteven@meyer-lester.org,online retail,"127 Lindsey Oval Suite 974, Brianberg, WV 77546"
B0178,Roberts-Schultz,hopkinsalexis@hall.com,technology,"1388 Stewart Union, Danielmouth, SC 09866"
B0179,"Tran, Ruiz and Ruiz",gfox@nguyen.com,healthcare,"Unit 1988 Box 2771, DPO AP 57819"
B0180,Savage-Flowers,jameshicks@potts-ryan.net,restaurant,"4794 Chavez Centers Apt. 316, Lake Annborough, VT 78988"
B0181,Pearson-Bailey,sancheznancy@reed.com,technology,"52525 Jessica Mission Suite 068, Taylorland, MS 54714"
B0182,Cochran-Thompson,kevin82@cooper.com,technology,"37686 Karen Glens Suite 025, Ochoaview, UT 00798|PSC 5497, Box 9729, APO AE 82968|89270 Xavier Spur Suite 132, Port Jordan, NM 44430"
B0183,Serrano-Mccoy,adamsanthony@jackson.com,transport,"201 Chase Harbor Suite 241, Susanchester, HI 90292|1042 Rose Brooks, South Aaron, AS 38838|80594 Jorge Fords Apt. 762, East Timothy, FM 86156"
B0184,"Flynn, Hill and Stout",sgraves@rivera.com,transport,"700 White Lane, New William, NC 57170|6671 Michael Meadow, Port Stacy, MD 81942"
B0185,Johnson Ltd,perkinspedro@contreras.com,healthcare,"29488 Monique Run, Bennettbury, WV 06655|862 Roberts Burg Suite 712, Espinozaland, UT 05719|86597 Cooper Street Suite 035, East Thomasbury, PW 46218"
B0186,White Group,audreyhernandez@roth-kline.org,technology,"593 Miranda Parkway, North Kylie, MN 54562|77885 Anthony Plains Apt. 244, Samanthamouth, AR 55844|USNS Willis, FPO AE 34758"
B0187,"Lopez, Johnson and Moore",stevencoleman@cole.com,hotel,"6233 Aaron Crossing, Nicoleport, PA 21474|867 Lindsey Rue Apt. 384, East Madison, ID 18441"
B0188,Marquez LLC,christopherharris@wilson.com,online retail,"781 Hernandez Junction, Paulstad, NC 91462|324 Alexander Keys, Chambersbury, WV 42632|46344 Tina Green, Debbiestad, GA 48465"
B0189,Curtis-Lee,jasonwood@guzman-davis.net,healthcare,"66498 Cheryl Terrace, North Zachary, CA 77348|PSC 8036, Box 0255, APO AE 09012"
B0190,Wilson-Bright,jaime22@underwood.com,online retail,"50970 Lindsey Unions, New Gregory, NC 71650|15706 Sandra Vista, South Scottport, HI 45822"
B0191,Gonzales Group,smithjasmine@donovan.biz,restaurant,"5847 Donna Spur Suite 742, Danaland, NY 11655"
B0192,"Harris, Marshall and Bailey",brandysmith@lee-bishop.com,healthcare,"764 Baker Ridge, Adrianhaven, GA 02303|5605 Joshua Station Apt. 693, Knappview, AS 32248|Unit 2660 Box 2746, DPO AP 60301"
B0193,Gonzales-Lee,vbrown@colon.com,hotel,"5476 Gabriel Circles Apt. 156, Joshuaburgh, KY 02116|51180 Alexander Mission Apt. 336, East Sean, OR 99143"
B0194,"Anderson, White and Moore",robertharris@johnson.com,hotel,"0051 Gonzalez Trafficway Suite 886, Andrewville, MI 64318"
B0195,"Duke, Espinoza and Meyer",hhill@richards.com,transport,"7435 Mitchell Tunnel, Perezton, AK 91550|17234 Jean Plaza Apt. 036, Douglasburgh, NC 22258"
B0196,Morrow LLC,shepherdvanessa@buchanan.com,technology,"6387 Jordan Flats Suite 346, Thompsonside, PR 18232|7993 Ellis Club, North John, NH 47603|71973 Martin Groves, Sandovalchester, IN 48209"
B0197,Porter Ltd,joshuahurley@phillips-wilson.com,transport,"70173 Diane Estates, New Carolburgh, MO 95496"
B0198,"Thompson, Black and Woodward",debbierichardson@burke.com,technology,"237 Gabriel Trail, West Jenniferbury, GU 92343"
B0199,Reed-Barnett,zjones@morales.info,technology,"USNV Mata, FPO AP 39378|396 Gould Row Suite 590, Garciamouth, OK 80580"
B0200,Guzman-Hayes,jmiller@baker.org,online retail,"8041 Melissa Shores, Mcmahonstad, NE 78640|035 Andrew Shores, Angelatown, DC 58891"
B0201,Johnson PLC,veronica91@wright.net,transport,"775 Michael Crescent, West Jeremiah, NM 89562"
B0202,"Lee, Walker and Phillips",tayloramber@miller.com,hotel,"PSC 4618, Box 6408, APO AE 60794|721 Fletcher Route, Johnhaven, PA 31011"
B0203,Navarro Ltd,ckelly@robinson.biz,online retail,"3528 Leslie Crossing Suite 152, New Adam, NY 60571|6285 Thomas Gateway Suite 890, East Terrance, AK 60063"
B0204,"Pruitt, Scott and Sims",ihoward@matthews-anderson.org,technology,"738 Walker Square Apt. 481, South Johnview, VI 02329|971 Anderson Island Apt. 892, Stevenbury, OR 64789|9474 Patricia Shore Apt. 251, Thomasport, ND 80579"
B0205,Weber-Payne,sherricarter@brown-williams.com,hotel,"204 Kelsey Summit Suite 726, Lake Courtneyberg, NC 26030|8439 Kim Springs Suite 023, Kimberlyport, MI 03897|457 Scott Vista Suite 986, South Amanda, AK 22487"
B0206,Cobb-Leonard,kayla32@campbell.com,healthcare,"143 Johnson Pine Suite 623, Barrymouth, NH 88224|9389 Smith Plains Suite 759, North Linda, ND 05144|103 Berry Plain, North Jason, VI 88465"
B0207,Gray PLC,marshmichael@smith.com,transport,"USS Brooks, FPO AE 72175|4198 Reyes Centers, Perezview, OH 34473|6919 Nancy Island Apt. 391, Westfurt, NM 93776"
B0208,"Ross, Hebert and Bennett",ashley34@schaefer.com,technology,"9123 Lee Crossing, North Amandaland, DE 75765|48852 Elizabeth Skyway Apt. 467, South Tara, ID 63974"
B0209,"Crawford, Holt and Smith",larsonjoshua@davenport.net,healthcare,"163 Stafford Pike, Sandrachester, NH 32632"
B0210,Burns Ltd,kristenrios@ellis.com,online retail,"50384 Amy Row Apt. 382, East Malik, KY 21004|78835 Alicia Mountains, North Jessicaside, WA 11915"
B0211,Herrera PLC,paul73@palmer.com,transport,"0010 Patterson Stream Suite 170, Yatesborough, NH 06203"
B0212,"Poole, Gonzalez and Lopez",harveymaria@austin.net,healthcare,"76757 Vazquez Greens Apt. 082, Kelseyberg, PR 10273|23403 Evan Trace, Sarabury, PA 63344|74681 Andrew Ridge, Lake Tracy, PW 17705"
B0213,Moore-Black,ajohnson@roberts.com,online retail,"36799 Amber Bridge Apt. 662, Elizabethhaven, KY 45905|5640 Kevin Forges, Edwardshire, SC 54439"
B0214,Meyer Inc,obrienvincent@price.com,hotel,"849 Jason Track, Lake Kimberlyville, MD 81784|42103 Miles Forest, Cynthiafurt, IA 23211|59319 Burns Burg, Biancastad, MD 86505"
B0215,"Hurst, Walker and Harris",debrastewart@henderson-cole.net,online retail,"704 Harris Estate, North Jonathan, SD 52785|0642 Lambert Lodge, Lake Kirsten, GU 09422|73543 Green Field, Wheelerbury, AL 80388"
B0216,"Long, Davies and Rodriguez",wchandler@dickerson.com,hotel,"51961 Aaron Bridge, Port Saraville, ME 19182"
B0217,Obrien Group,angela88@garrett-ellis.com,healthcare,"35499 Dale Shores Apt. 814, North Trevorstad, NM 08897|617 Brandy Valley Suite 151, Port Jonathanport, MT 01487|02044 Lopez Lane, West Jon, ND 08219"
B0218,Carter and Sons,brittanygonzalez@west.com,hotel,"1319 Martin Place, Henrystad, WI 77511|4004 Johnson Stravenue, Michaelland, ME 22437|5144 Chandler Branch Apt. 589, Tammyfurt, IL 35951"
B0219,Guzman and Sons,thomasbrewer@carter.info,restaurant,"4555 Jerry Keys, Michealmouth, FM 30979|Unit 2391 Box 0687, DPO AP 20488"
B0220,"Murray, Payne and Pollard",moorediane@freeman.com,transport,"28060 Smith Lock, Patriciamouth, DC 92946"
B0221,Matthews-Weeks,williamsandrew@sullivan.com,healthcare,"2115 Craig Isle Apt. 537, West Jerry, MT 63671|992 Susan Islands Suite 696, East Jamesshire, WY 09104"
B0222,Robinson-Peterson,nunezamanda@dunn.com,hotel,"2614 Brandt Wall, Port Tracimouth, FM 75872"
B0223,Garcia Ltd,aguirrecameron@kelley.com,transport,"2017 Johnson Lakes, Bellstad, NE 73540|224 Perez Hill Apt. 892, West William, DC 84698"
B0224,"Ingram, Bradley and Allen",kenneth74@salazar-rice.org,online retail,"2090 Vanessa Village Suite 340, South Deborahchester, TX 91350|79477 Rivera Glen Suite 730, Krystalbury, HI 47391|41815 Mccarty Mill, Garciaside, WY 08916"
B0225,"Lloyd, Grant and Snyder",murrayanthony@neal.com,hotel,"0520 Smith Turnpike Apt. 322, Andrewfurt, WV 01414"
B0226,Shannon-Gallagher,bobby96@davis.com,healthcare,"652 Julie Overpass Apt. 886, South Carlachester, MN 13299|08567 Mayer Lodge Suite 457, South Jacqueline, MN 03245"
B0227,Novak Ltd,raymondprince@mcgee.com,technology,"Unit 0397 Box 9238, DPO AA 20484|3396 Rivera Lane Suite 700, Gonzalezburgh, ME 98498|882 James Hill, West Johnny, PA 35756"
B0228,Porter-Mullins,ewright@gamble.com,restaurant,"9744 Katie Spur Apt. 924, Davidton, NC 40536|03420 Grant Valley Apt. 094, East Justinberg, OK 40518|5066 Samantha Camp, Johnsonbury, MT 85900"
B0229,"Richards, Morales and Hancock",david93@lane.info,transport,"35720 Scott Inlet, North Jonathan, SC 05448"
B0230,"Williams, Ward and Sanchez",ashleylarson@lopez.com,transport,"9487 Jennifer Streets Apt. 475, Adamsland, OK 23476|80524 Jeremy Corner Apt. 810, Lisachester, NM 62406|49677 Compton Court, South Austintown, CA 18374"
B0231,Griffin-Turner,hallmary@sloan-boyd.biz,online retail,"68192 Delgado Springs Suite 989, Port Phillipton, ID 30216|02128 Owen Forges Apt. 331, New Allenmouth, IL 12955|93253 Christopher Ville Suite 298, North Michelle, ME 57817"
B0232,Phelps-Cook,petersampson@guzman.com,transport,"351 James Station, Jennifermouth, NH 75441|3321 Tate River, North Nancytown, WY 46801"
B0233,"Pacheco, Atkinson and Greene",iramos@herman-becker.net,technology,"1161 Kevin Summit, Santoshaven, MI 59057|12401 Mark Views Apt. 945, New Heather, SD 84652|25608 Munoz Plaza Suite 635, Danaville, MA 97579"
B0234,Johnson-Black,kendra82@brown-rush.com,online retail,"17227 Peterson Forges, Port Maryburgh, MD 81685|8256 Rowland Mountain Suite 355, Guzmanside, ME 94001"
B0235,"James, Martinez and Mata",halejoseph@smith.com,online retail,"8000 Thomas Street, South Elizabeth, LA 28754"
B0236,"Smith, Graham and Johnson",clarsen@johnson-hendrix.biz,hotel,"4270 Ashley Cape, Port Christopherland, GA 90178|2432 Brittany Station Suite 436, Cookville, CO 34977"
B0237,"Garcia, Wright and Schroeder",melaniesmith@hubbard-wood.com,transport,"951 Davis Camp, North Kevinberg, CO 80151|3588 Smith Course Suite 387, Port Leslieside, RI 51349"
B0238,"Carter, Woods and Hernandez",james38@mosley-lynch.com,online retail,"432 Ferguson Summit Suite 043, New Lawrencemouth, KS 18452|33289 Dylan Lock Suite 259, East Jeffrey, MN 59567|25201 Adams Burg, Robertberg, CT 22741"
B0239,Scott-Allen,kingjason@schmidt-holland.org,online retail,"386 Lindsey Stream, Torresborough, VI 22025|503 Arnold Square, South Kellyland, AR 14577|69569 Green Mission Apt. 729, South Andreaview, OK 83038"
B0240,French Inc,evansshannon@nichols.info,transport,"272 Lynch Trafficway Suite 154, Port Richard, KY 52315|366 Deborah Point Apt. 855, West Jacob, AZ 50872"
B0241,Bailey Inc,olsonamber@ford.biz,technology,"PSC 7343, Box 6249, APO AP 20686|9118 Veronica Mount Suite 991, South Jennifermouth, MH 79157"
B0242,Bates PLC,lsmith@quinn.com,technology,"341 Anderson Mountain Suite 068, East Ryan, MH 37814|39488 Bradley Plains, East Kathryn, ME 31670|89537 Shirley Square, Tranchester, AK 21010"
B0243,Johnson-Ingram,nwhite@mccarthy-collins.com,online retail,"83838 Sara Wall Apt. 183, New Matthew, NJ 52953"
B0244,Wise PLC,banderson@arias.biz,online retail,"4776 Moss Coves, Guyport, SD 85967"
B0245,Miller Group,gabrielguerra@rice.org,restaurant,"9115 Robert Light Suite 653, New Kaitlintown, DC 46465"
B0246,"Doyle, Sanchez and Carr",oalexander@cook.com,online retail,"47388 Jacqueline Brook Suite 859, Oliviaview, CT 19237|96297 Kathleen Harbors, Gutierrezland, WY 05623|2382 Alex Avenue, North Paula, RI 24126"
B0247,Thompson-Lambert,christopherabbott@miller-summers.com,hotel,"9789 Gray Keys Suite 824, New Susanbury, MO 09907|89173 Timothy Prairie, East Jessebury, AL 63197"
B0248,Thompson-Brown,hillross@roberts-richards.com,healthcare,"241 Jenkins Knoll, Fergusonfurt, HI 01291|84852 Booker Corner, Lake Andrew, AS 33495|61492 Holmes Flat, Stephanieborough, AZ 14253"
B0249,"Martinez, Fox and Mejia",wyattkenneth@morrison-munoz.com,online retail,"2999 Pratt Divide Apt. 519, East James, WI 75541|01143 Rachel Overpass, Ramirezside, SD 49679"
B0250,Wallace-Adams,nortiz@ramirez.com,online retail,"6872 Aaron Forges Apt. 653, Port Tony, MN 75758|PSC 5152, Box 0215, APO AP 87087|Unit 1442 Box 0876, DPO AA 49991"
B0251,Smith Group,floressamantha@fox.com,transport,"40882 Lee Fork Suite 485, West Scottborough, CA 65837|1087 Mark Rapids, New Carlos, VA 03738"
B0252,Nelson Ltd,davisvictoria@greene-medina.com,transport,"4572 Coleman Roads Apt. 651, East Michellestad, GU 50233|7652 Green Expressway Apt. 999, South David, MS 20789"
B0253,Johnson Group,knappcheryl@johnson.com,online retail,"893 Matthew Valleys, South James, KS 40738"
B0254,Adams and Sons,rarmstrong@boyle-malone.com,restaurant,"PSC 1121, Box 4171, APO AA 81966|1104 Schneider Mountain Apt. 018, New Mallory, PR 42407"
B0255,"Butler, Fletcher and Stephenson",lcox@robles.com,hotel,"4633 Estrada Trail, Michellestad, OK 58395"
B0256,Hoover-Charles,natalie12@mcknight.org,online retail,"56224 Castro Forks, Hernandezside, ID 82800"
B0257,Wright LLC,jennifer03@allen.net,healthcare,"90300 Lisa Curve Suite 794, North Kristen, TN 31383"
B0258,Parker-Wong,bthompson@wallace-walters.biz,restaurant,"4404 April Court, Reneehaven, ME 31207|9136 Andrea Stravenue Apt. 198, North Annette, GU 83168"
B0259,Jones LLC,mserrano@clark.org,hotel,"5042 Olivia Springs, Thomasshire, LA 86981"
B0260,Jones-Morris,ccurry@williams.com,hotel,"6853 Carla Tunnel, South Stephaniemouth, AS 04393|25909 Miller Trafficway, Nicholasburgh, NJ 44232"
B0261,Castro-Romero,rdennis@james.info,healthcare,"521 Everett Glens Suite 521, Thompsonburgh, ME 05573|29233 Erika Orchard, Danielmouth, CT 02073|4653 Silva Mount Suite 757, Hayeschester, IL 50145"
B0262,"Avila, Beasley and Jordan",mcdowellamber@white.org,restaurant,"67386 Sheri Run Apt. 212, Micheleborough, CT 49591|6767 Charles Valleys Suite 589, West Austinborough, OR 23793|7765 Kyle Islands, Perezchester, NY 26758"
B0263,"Davis, Smith and Jackson",robertcrane@barnes-gonzalez.org,technology,"7699 Barrera Islands Suite 148, Wayneshire, OH 96157|865 John Stravenue Suite 804, Johnsonland, UT 31729"
B0264,"Dean, Garza and Hutchinson",glarson@freeman.com,transport,"37492 Cassandra Burgs, Hernandezhaven, NY 38830"
B0265,"Clark, Phillips and Thompson",manuel38@noble.com,hotel,"4821 Haney Mountain Apt. 190, Reidstad, PA 09260"
B0266,"Green, Wilson and Walter",jamessmith@rocha-williams.org,technology,"1393 Murphy Squares Suite 932, Erikview, KS 64335|704 Green Summit Apt. 463, Port Markchester, MD 33351"
B0267,White-Hunter,pwells@kemp.org,transport,"59211 Jacobs Falls Suite 764, Alvarezbury, AL 44233"
B0268,Anderson Inc,smithchristopher@howell.com,technology,"018 Stephanie Mission, Julietown, PW 67162|442 Lauren Keys Apt. 534, Simsport, NM 91105"
B0269,Rodriguez-Brennan,robert83@edwards.com,hotel,"68812 Burch Lake, Aaronside, MP 17287|3845 Bell Cape Suite 620, Carterville, FL 46340|8321 Velasquez Heights, Aliceside, GA 36493"
B0270,Spencer LLC,zsanchez@martinez.info,hotel,"43052 Ware Turnpike, New Jeffrey, FL 58706|660 Carlos Islands Apt. 242, Blackwellborough, PA 40645"
B0271,"Zhang, Bradley and Brown",stephanie85@mckinney.org,technology,"2263 Matthew Station, Lake Tina, WI 63948|24993 Anderson Avenue, Lake Keith, CT 25895|USCGC Miller, FPO AP 83729"
B0272,"Marquez, Barnes and Holmes",blee@ross-kaiser.net,transport,"797 Obrien Squares, New Trevorchester, GU 81928|6400 Mills Point, West Steven, VI 66512"
B0273,Ellis-Thompson,michael43@reed.com,technology,"USNV Moore, FPO AA 07584"
B0274,"Bryant, Hernandez and Stout",martinezjessica@medina.net,hotel,"1660 Jeffrey Circle, North William, NV 18164"
B0275,Williams-Coleman,troygriffin@woodward-harper.biz,healthcare,"7648 Meyers Ramp Apt. 734, Jamieview, AR 02243|20758 Lopez Inlet, North Lori, DC 96286"
B0276,"Gregory, Mercado and Johnson",changkimberly@brown.org,transport,"50197 Adam Route Suite 882, Codyhaven, KS 29677|006 Colleen Circles Apt. 683, South Lisa, MS 02512|8094 Mendoza Gardens, South Dianaton, GU 35064"
B0277,"Barnes, Weaver and Blake",taylortina@pearson-simmons.info,technology,"9528 Wagner Brooks, Bradleyberg, ME 57296|PSC 7802, Box 6553, APO AE 46048|09938 Rodriguez Drive, Pamelahaven, VT 56632"
B0278,Alexander-Johnson,reillytimothy@harrison.com,healthcare,"97536 Jessica Vista, Bryanside, AS 99356|68821 Jonathan Shoals Suite 087, Youngbury, NH 82344|37670 Christina Mountain, Lake Melissa, WI 23213"
B0279,Wilson-Oconnor,austinwalters@odom-hall.info,healthcare,"2879 Daniel Turnpike, Mariamouth, AS 17774|6239 Henry Spurs Suite 292, Port David, UT 36520|8019 Robert Island, Lake Georgefurt, CA 93298"
B0280,Williams LLC,nsolis@chase.com,online retail,"89799 Gray Mills Apt. 826, Johnsonchester, MI 18526|593 Chan Pines, North Heather, PA 62574"
B0281,"Edwards, Kane and Johnson",bjohnson@johnson.com,restaurant,"47733 Charles Street Apt. 030, Hernandezburgh, WI 71972"
B0282,Evans-Norton,heather23@lynch-coleman.com,healthcare,"764 Thomas Isle, Lake Michael, MH 28635|1750 Ruth Port, Lake Deborah, VI 85150"
B0283,"Navarro, Smith and Cruz",richardstephens@banks-scott.biz,technology,"947 Michael Station, Reynoldston, WV 53006|11452 Sweeney Causeway, North Melissa, KY 36135"
B0284,"Doyle, Oconnell and Mcintyre",brendacalderon@clark.com,healthcare,"20448 Gerald Skyway Apt. 493, New Williammouth, FM 43651"
B0285,King-Adams,sandra41@jones-hunt.com,healthcare,"05911 Ann Village Suite 510, Port Shelby, AL 66861|4726 Angela Crest, South Shellytown, SD 51737"
B0286,Fox LLC,amber07@montgomery-rodriguez.com,technology,"35854 Rogers Well, Drewmouth, MT 03903|179 Heidi Lights, East Jacob, NV 97431"
B0287,Ayers-Aguilar,guzmanmichael@wilson.com,healthcare,"207 Charles Gardens Suite 286, Marissaberg, SC 55832|335 Francis View Apt. 911, Johnsonville, WY 07643"
B0288,"Garrett, Carroll and Moore",orozcodaniel@price.net,hotel,"62197 Thomas Forges Apt. 135, North Jadeberg, AZ 08277|52190 Pruitt Row Apt. 476, North Lisa, MD 87107"
B0289,"Howard, Caldwell and Shannon",zanderson@trevino.info,healthcare,"4190 Samuel Track Apt. 727, South Markfort, MP 94714|8915 Christopher Canyon Suite 698, Danielside, FL 76581"
B0290,"Lucas, Mathis and Collins",jimmyflores@wheeler.com,technology,"10296 April Drive, Brownside, IL 89952"
B0291,Collins-Madden,waltersvictoria@stafford.com,online retail,"816 William Heights, Silvashire, UT 91607|766 Olson Cape Apt. 946, Harrisfort, IL 87039"
B0292,"Castillo, Rose and Rodriguez",ramosashley@morris-richardson.com,healthcare,"PSC 6961, Box 5452, APO AP 59455|001 Dominguez Crest, Pamelaberg, AZ 47155"
B0293,Anderson Inc,kristensnyder@douglas-copeland.com,healthcare,"75897 Foley Roads, East Sophia, TX 72747|88647 Ramirez Meadow, Victorberg, AK 75396|5644 Miranda Fort Suite 227, New Michelle, MA 46447"
B0294,Smith PLC,jodiperez@perez.info,online retail,"876 Brenda Ports, Debrabury, FM 74284|4376 Lewis Cove, Ellisside, MA 73866|19428 Anderson Loaf, Ramosstad, FL 63451"
B0295,"Duffy, Morris and Hawkins",patrickboyer@miller.com,technology,"PSC 8154, Box 8525, APO AP 25974|54610 Kennedy Stravenue, North Daniellemouth, SD 86696"
B0296,"Robinson, Moore and Matthews",jasonmendez@frey.com,restaurant,"588 James View, Ryanport, AL 42821|703 Linda Junction, Brandonville, VA 57994|1291 Mills Divide, Gordonmouth, MD 09449"
B0297,"Martin, Mcdonald and Davidson",scottwalter@cohen.com,transport,"0038 Higgins Corner, Amandaburgh, VT 57922|1310 Hicks Brook Apt. 963, North Travismouth, SD 68835"
B0298,Sheppard-Robinson,byork@robbins.com,hotel,"708 Jenkins Stream, Christinemouth, MS 49346"
B0299,"Diaz, Jenkins and Colon",martinezjessica@hopkins.com,restaurant,"5165 Todd Shoals, West Wesleyton, PA 07766|52780 Ryan Mount Apt. 758, East Mollyside, WI 84328|8498 Walker Tunnel Apt. 612, East Heathermouth, PA 92363"
B0300,Harmon Inc,jocelyndougherty@smith.org,technology,"6740 Heather Lights Apt. 100, Lake Douglasfort, CO 58304|Unit 1526 Box 5821, DPO AE 11738|3425 Sanchez Turnpike, Zamorafurt, VA 84358"
B0301,Marshall-West,benjaminmaldonado@warren-patrick.com,hotel,"8555 Scott Locks, Port Sarah, AZ 33972|932 Brian Forges Suite 594, Richardchester, FL 88824"
B0302,"Savage, Harper and Sexton",phillip05@dunn.com,restaurant,"PSC 8825, Box 4151, APO AA 33556|9622 Tina Views Apt. 251, East Barbara, CT 26509"
B0303,"Williams, Mcdowell and Pham",william85@cook.org,healthcare,"39931 Shelby Light Apt. 624, North Robert, VT 78938"
B0304,Holder-Mcbride,william40@robinson.com,technology,"Unit 0917 Box 6776, DPO AE 12956|038 Bautista Bypass, Jonathanburgh, IL 47922"
B0305,Buchanan PLC,jgarza@rose-hill.com,healthcare,"9733 Brian Junction, Christinaberg, KS 07430"
B0306,Kelly Inc,paulajackson@williams-young.org,healthcare,"120 James Shoals, Amandaton, NM 55575"
B0307,"Pruitt, Mcbride and Tanner",ritamccann@hernandez.com,hotel,"0908 David Pines Apt. 911, East Dawnburgh, CA 74160|9348 Marilyn Glen Apt. 096, East Davidside, NC 89083|11459 Hill Plaza Apt. 577, Port Thomasport, WA 63726"
B0308,"Montoya, Lopez and Mullins",whiteandrea@ford.net,healthcare,"0467 Katrina Vista Suite 217, Taylorland, AK 81974|62216 Heather Turnpike, New Lisahaven, FM 76277|014 Amber Plaza Suite 650, Robinberg, UT 22742"
B0309,Hall-Jones,donaldwhite@arias.com,technology,"15044 Galvan Path, Jamesfort, SD 03733|PSC 0599, Box 9297, APO AP 10820"
B0310,Dixon-Whitney,sjacobs@parker.com,transport,"4430 Decker Ville Suite 770, Youngside, NH 84975"
B0311,"Steele, Greer and Smith",stephaniejohnston@austin.com,healthcare,"69321 Gina Lights, East Courtney, FM 45207|152 Owens Ports, Davisside, MP 39511"
B0312,Moreno Ltd,donaldallison@williams.com,online retail,"159 Stanley Cliff Suite 794, Christopherfort, PR 40121"
B0313,"Galvan, Rogers and Hill",rachelsmith@rodriguez-meyers.com,online retail,"42127 William Harbors Apt. 038, Coleport, PR 59834"
B0314,Olson Group,lbaker@powell.biz,transport,"27926 Webb Forges Apt. 377, East Michelle, NM 31130"
B0315,"Case, Scott and Garcia",jacksonjames@hawkins-dixon.biz,restaurant,"763 Ortiz Ridge Suite 484, North Elijah, WI 44896|7192 Donna Glens, South Rickyburgh, OK 39703|54224 Richard Bypass Suite 518, Rangelmouth, NE 00708"
B0316,"Hardy, Clark and Jones",paul00@watkins.info,transport,"54251 Samantha Pike Apt. 550, New Elizabeth, CT 94582|1459 Maxwell Lane, East Brianmouth, MS 11559"
B0317,"Henry, Prince and Bautista",baileyhoward@salazar.org,restaurant,"011 Hurley Walks, Lake Amandamouth, NJ 01493|0016 Perry Bridge Apt. 502, New David, NJ 99507|194 Rivera Shore Apt. 250, East Steven, VT 88072"
B0318,"Wright, Miller and Hooper",awade@marks-carroll.net,technology,"478 Lawson Place, East Heather, HI 96252"
B0319,Silva-Lewis,harrisdanielle@richards.com,healthcare,"542 Juan Course, South Jeremyhaven, SD 18017|43974 Caleb Ways, Karenfurt, NY 17706|348 Tucker Junction Apt. 054, North Richard, CO 58239"
B0320,"Hurst, Ramsey and Gonzales",tracey00@sanford.net,restaurant,"2268 April Well, East Lauraburgh, MH 80470|062 Scott Meadow Suite 715, Lukeside, NH 19512"
B0321,Harris-Knapp,taylormichael@barnes.info,restaurant,"61907 Cooper Key Suite 170, South Christinachester, CT 84525"
B0322,"Williams, Stevens and Richard",joshua15@mejia.org,online retail,"11918 Teresa Cove, Campbellbury, DC 86805|58437 Clark Motorway, West Zachary, CO 78912|282 Clark Expressway, Christopherborough, NY 89200"
B0323,"Wise, Abbott and Coffey",robert99@martinez.com,healthcare,"077 Kimberly Key, Rushland, DE 30346"
B0324,Lopez-Gibson,watsonkaren@brown.com,transport,"81970 Samantha Camp, Heidiland, LA 28249|18967 Stephanie Mills Suite 180, Port Valerie, TN 86679"
B0325,"Rivera, Hoffman and Goodman",joseph14@reyes-petty.com,online retail,"8744 Christopher Radial Apt. 673, West Daniel, NJ 48008"
B0326,"Griffin, Schneider and Young",andrewolson@thompson.com,healthcare,"USCGC Jacobs, FPO AE 35682|74657 Alex Prairie, Olivermouth, OK 81125|26861 Denise Ford, West Amandaland, ND 35314"
B0327,Contreras Group,parkerjennifer@castro.com,restaurant,"85442 Alvarado Path, New Ryan, WA 89793"
B0328,"Roberts, Thomas and Farrell",rodneyjones@wood.com,technology,"611 Patel Station, West Robertmouth, CO 36693"
B0329,Davila-Ramirez,tammymccormick@tanner-boyd.com,transport,"7284 Robin Mount Apt. 831, North Ashley, AL 38598|373 Lawrence Mews, Schroederville, NM 52101"
B0330,"Campos, Campbell and Harris",beckkimberly@boyer-rubio.net,online retail,"635 Jeffery Ways Apt. 314, Port Tina, ME 48576|601 Michael Heights, East Chadside, AL 55117"
B0331,Turner and Sons,janet22@gregory.com,healthcare,"88695 Kathleen Square Apt. 284, Kathyfurt, CA 06871|254 Christopher Prairie Suite 823, Penashire, MT 49921|USNV Mitchell, FPO AE 37930"
B0332,Herman Ltd,justinhernandez@lambert.com,technology,"Unit 5488 Box 4856, DPO AE 55816|617 Sara Forest, Lake Kristina, WA 49287|326 Caroline Hollow Suite 361, Morrisborough, MS 93837"
B0333,Hunt-Riddle,hryan@patel.com,hotel,"572 Cruz Plaza Suite 434, West Anthonyton, CT 03868|4166 Webster Extensions, Kellystad, MS 36391"
B0334,Weaver-Spencer,weeksrachel@chang-sanchez.info,technology,"897 Nicole Shore, Jasonborough, WI 75700|2421 Gaines Mountains Suite 171, Brianside, VT 02116|9758 Michael Village Suite 922, Lake Adam, DC 00957"
B0335,Cain-Robinson,bailey70@martin.net,technology,"47066 Sharon Dam Suite 350, Port James, NV 46423|8213 Cook Creek Suite 838, Youngstad, PA 27896"
B0336,Miller Ltd,james84@williams.net,technology,"131 Anthony Loaf Suite 253, New Kevin, DC 87665|Unit 1341 Box 6414, DPO AP 72737"
B0337,King PLC,foxcrystal@strong-leonard.com,online retail,"033 Kimberly Track, Adammouth, FL 26231|1956 Richard Forges, South Adam, HI 36411|4263 Wayne Views, West Ryanfort, MH 26611"
B0338,Torres and Sons,michaelreed@best.com,restaurant,"USS Clark, FPO AA 13585|38741 John Street Apt. 074, North Douglas, AS 74275"
B0339,Miller LLC,amber75@williams.com,hotel,"7532 Lamb Mission, Cindyshire, GA 76466"
B0340,Brown-Wilson,usingh@alvarez.info,healthcare,"83250 Donna Mount Apt. 129, South Sandrastad, AZ 18662|62522 Elizabeth Cliff, Elliottfort, MH 31135"
B0341,"Diaz, Miller and Thomas",rodneygardner@smith-mann.com,technology,"2978 John Stream Apt. 492, Pinedafurt, RI 86455|861 Anita Pike Suite 889, Ramirezchester, RI 82969"
B0342,"Mathis, Schmidt and Freeman",michelehawkins@vazquez.net,healthcare,"0395 Tiffany Junctions Suite 039, North Sharon, HI 39502"
B0343,Bennett PLC,sarafigueroa@luna.com,hotel,"35769 Aaron Gateway Suite 540, North Michael, WA 60155|0763 Singleton Meadows, Port Matthewburgh, PA 41542"
B0344,Sandoval PLC,oneillpatricia@ruiz.com,transport,"USNV Diaz, FPO AP 06080|598 Smith Forge, South Miguel, FL 90340|Unit 0412 Box 3390, DPO AA 96419"
B0345,"Crawford, Montoya and Savage",smithelizabeth@franklin.net,hotel,"2184 Porter Centers Apt. 183, East Keithside, AL 82148"
B0346,"Parks, James and Simmons",jessicacarlson@ali-smith.info,hotel,"46425 Walters Street, Ralphville, DE 56920|4027 Freeman Motorway Suite 813, Kleinburgh, WY 31352"
B0347,"Acosta, Little and Rivera",gonzalezchristopher@anderson-ross.com,hotel,"3595 Amanda Mountain, East Paul, MP 21868|PSC 8890, Box 0501, APO AP 11723|324 Silva Orchard, Natashaland, PA 79123"
B0348,Hartman-Wheeler,rharmon@york-hamilton.com,transport,"70961 Hanson Roads, South Caseybury, IA 03618"
B0349,Petersen-Bush,julia06@jones.com,online retail,"544 Anthony Shoals, Lake Rebecca, NC 73494"
B0350,Boone Ltd,kconrad@harris-diaz.info,restaurant,"0974 Ryan Highway, South Erin, AK 46999|6619 Samantha Plains Apt. 357, Willisberg, AZ 52350|679 Nicole Fort Apt. 096, Susanborough, RI 81655"
B0351,Nash-Palmer,parkershawn@walton.info,online retail,"172 Miranda Extensions Apt. 561, Cookshire, CT 46431|USCGC Mendez, FPO AE 28195|71725 Hudson Via, Sanfordburgh, VT 85507"
B0352,"Horne, Wilson and Carey",hillcarmen@smith.com,online retail,"5882 Duncan Dam, Lake Aaronland, ID 74503"
B0353,Murray LLC,williamcraig@doyle.com,restaurant,"331 Murphy Track, Morrisstad, DE 25804|46829 Edwin Lodge, Michaelborough, GA 47754"
B0354,"Ramirez, Johnson and Riley",qgamble@brooks.com,hotel,"113 Watts Avenue, Christopherburgh, KY 27401|762 Susan Tunnel, Powellland, CT 66931|3392 Dana Green, Grayborough, WI 07455"
B0355,Bowman-Beltran,xcoleman@smith.com,restaurant,"25188 Kimberly Island, Harrisonfurt, MH 57541|4174 Sarah Junctions Suite 236, Reginachester, KS 19109"
B0356,Abbott and Sons,mwong@martin.com,transport,"Unit 6791 Box 3904, DPO AA 70238"
B0357,Butler and Sons,hdunn@brooks.com,restaurant,"34553 Sheena Dam, South Joseph, WV 82905|8118 Miller Fork Apt. 902, New Maria, PR 02166"
B0358,Schmidt Inc,kathleen98@charles-johnson.net,technology,"5728 Brianna Points, Tammyfort, CO 33458|101 Hill Lock Suite 463, South Williammouth, CO 22182|87773 Page Pike, Seanville, PR 03039"
B0359,"Shelton, Smith and Smith",john64@taylor.com,transport,"114 Wade Forge, Bauerborough, MP 40310|PSC 9061, Box 7920, APO AA 12628|331 Nicholson Bypass Suite 767, Taraside, NY 80645"
B0360,Jackson-Velasquez,foxcatherine@kelly.com,restaurant,"96595 Baker Coves, New Shelbybury, UT 22328|7092 Ferguson Mills Apt. 333, Lake Michael, AL 77992"
B0361,"Ray, Flores and Garcia",stephanieallen@johnson-davis.com,transport,"2027 Hernandez Squares Apt. 603, New Anthonyside, AK 12607|4059 Smith Landing, Heatherside, PR 89525"
B0362,Blankenship and Sons,jameswilliams@brooks.org,hotel,"Unit 9761 Box 5895, DPO AP 27908|312 Richards Grove Suite 508, Lake Anthonyberg, PW 58089"
B0363,Hart PLC,scottsaunders@lopez-bailey.com,restaurant,"6600 Smith Junction, Bartonport, VI 96090|3320 Ramos Flats, Carterburgh, MP 55831|3207 Kiara Ranch, East Waltershire, GA 71899"
B0364,Moore-Silva,brandtebony@rowe.info,healthcare,"1405 Williams Cove Suite 735, Travisfort, CT 72374|4927 Sims Squares, West Amanda, VI 42288|698 Peter Wells Apt. 055, New Raymond, GA 15073"
B0365,"Smith, Brown and Stein",rachel25@goodman.biz,technology,"395 Hoover Parkways Apt. 719, Sherriville, WA 27486|3987 Brandy Fords, East Tylertown, WV 60174|972 Moody Lakes Apt. 111, New Renee, AR 50815"
B0366,"Landry, Robinson and Drake",ssmith@wu.com,online retail,"53395 James Crossroad, Dukeborough, NJ 61677|Unit 9329 Box 5579, DPO AE 23157"
B0367,"Calhoun, Werner and Smith",chasejones@cox.info,online retail,"PSC 5398, Box 6796, APO AE 23717|229 Christina Isle Apt. 855, Antoniohaven, NY 24916"
B0368,Jones-Bennett,tleonard@walsh.com,restaurant,"510 Taylor Flats, Rebekahton, TX 71175|4038 Padilla Shoals, Russellmouth, VT 07029"
B0369,"Duncan, West and Cherry",jonathanthomas@washington.info,transport,"32099 Christopher Mill, Port Angelamouth, WI 60305|418 Brent Centers Suite 940, New Jeremyshire, PR 80069"
B0370,"Wilson, Knight and Klein",keithgonzalez@oneill-stewart.net,hotel,"36545 Stewart Vista, East Eric, AS 38707|906 Boone Land Suite 375, Mckaystad, IN 85740|Unit 9115 Box 5774, DPO AP 68357"
B0371,Meza LLC,dustinaguilar@perry.com,healthcare,"5122 Yvette Estates Apt. 132, Port Ethanside, SD 73330|03768 Joshua Haven, Port Julia, MD 54479"
B0372,"Hughes, Rodriguez and Fisher",hailey57@watson.info,healthcare,"55972 Joshua Island, West Ryanchester, PW 47246"
B0373,Norton and Sons,sarahkelley@morrow-huff.com,restaurant,"25788 Allen Orchard, Jamesshire, VI 32980"
B0374,Short-Duncan,xgalvan@ruiz.com,technology,"82119 Diane Alley, Watersstad, PR 17667|853 Edwards Road, Obrienside, MN 98503|5462 Loretta Mews, West Elizabeth, UT 09718"
B0375,"Kelley, Perkins and Lam",reyesnatalie@greer-daniels.info,transport,"74893 Williamson Causeway, West Elizabethstad, NE 05215|975 Sheppard Junctions Suite 073, Lake Andrea, FL 77874"
B0376,Delacruz-Hernandez,susan02@smith-crawford.net,technology,"8732 Williams Square Suite 060, Lake Tammyfurt, VI 79932|32621 Pope Islands Suite 385, Angelastad, NY 48000|5718 Michael Underpass, Lake Robertmouth, WA 15896"
B0377,Brown-Reed,xpope@li.com,healthcare,"733 Brown Meadow Apt. 071, Masonmouth, DC 02811"
B0378,Merritt Inc,christopherrobinson@richardson.com,transport,"2260 Alyssa Land Suite 461, Port Richard, DE 40462|30286 Warner Mount, New James, DC 07760|372 Andrews Branch Apt. 757, East Amyton, IN 13783"
B0379,"Gilbert, Castillo and Lowery",fbrown@schneider.com,restaurant,"9464 Christine Circle, Scottport, NH 44481"
B0380,Williams LLC,mary53@sellers.com,restaurant,"06064 Oliver Common Suite 099, North Christopher, CA 64306"
B0381,Woods-Robertson,nsalinas@middleton-johnson.com,transport,"350 Aguilar Village Apt. 135, Alexandershire, AK 24916|1441 Barry Street Suite 645, Jeanettefurt, AZ 62158"
B0382,Jackson Ltd,wendy70@lewis.com,restaurant,"79884 Thomas Falls, Lake Kevinfurt, NM 55491|588 Kurt Manor, Lake Mark, UT 39096"
B0383,Bauer-Cross,tammy96@lara.com,online retail,"Unit 0543 Box 4386, DPO AA 07613|864 Theresa Greens Suite 516, Perezbury, SC 09896"
B0384,Wise-Jones,silvavictoria@watson-rodriguez.org,hotel,"5946 Wise Wall, Lake Christianview, AS 97489|8692 Rebekah Isle Suite 492, Hannahton, NH 01903"
B0385,Marshall Ltd,justin62@torres.com,restaurant,"00661 Douglas Key, Lake Jordan, AS 84697|932 Michael Mall Suite 858, East Latasha, IL 34582"
B0386,Leonard Inc,ijordan@osborne.biz,restaurant,"USNS Wood, FPO AP 77287|8320 Michael Island, West Jennifer, ID 42356"
B0387,"Smith, Harrington and Johnson",brittany03@jones-washington.org,transport,"89524 Garcia Extension Suite 960, South Lindsey, MD 77003|1774 Evans Shoal Apt. 223, Dianaside, DC 76009"
B0388,"Mendoza, Foster and Hernandez",mark65@cox.com,transport,"5939 Robert Ranch Apt. 360, Riveramouth, KY 63606|2298 Hall Lake, Port Charlottebury, AZ 35455|9558 Lewis Hollow, Snyderburgh, UT 22554"
B0389,"Christensen, Jordan and Davis",smartin@schroeder.com,technology,"8431 Green Burg Suite 699, East Joshuahaven, WV 17210"
B0390,"Brown, Lopez and Stewart",jenniferchapman@roach-gray.com,hotel,"02937 Rogers Freeway, Welchbury, NM 26995"
B0391,"Reed, Gonzales and Martinez",charleskeller@johnson-anderson.com,healthcare,"4961 Robin Branch Suite 277, East Barbara, SC 82535"
B0392,Long-Smith,tcamacho@marshall-middleton.com,healthcare,"2468 Nicholas Valley, West Gabriel, MS 91323"
B0393,"Farmer, Williams and Cameron",rmarshall@perez.com,transport,"651 Pamela Drive, Port Tashabury, FM 51261"
B0394,Richardson-Valdez,lesliedavis@durham.net,online retail,"714 Gilbert Junction Apt. 554, Port Taylorfurt, MD 48314"
B0395,"Pena, Barnes and Peck",sarahmclaughlin@hall-smith.net,technology,"8983 Robinson Hill, West Jasminemouth, GU 60634"
B0396,Phelps-Griffin,epatel@wilson-smith.com,online retail,"47876 Munoz Ports Suite 835, Jamieport, AZ 58280"
B0397,"Walker, Wood and Wood",alexandraflowers@bryant.net,restaurant,"082 Ashley Isle Apt. 860, North Jason, SC 76545|258 Donna Crossing Apt. 141, East Sarahstad, TX 53781|977 Zachary Drive Apt. 518, Joeltown, MT 85744"
B0398,Martinez-Douglas,gallegoskristy@brown.com,transport,"615 Tyler Hill, Russellville, NV 38349|0029 Samuel Rue Apt. 138, Katrinachester, VA 61293|053 Dennis Mall Suite 867, Lake Jennifermouth, OR 24599"
B0399,Sanchez Ltd,robin02@morris.com,online retail,"8952 Timothy Square, Bobfurt, MH 13630|177 Edwards Ridge, Kyleland, WV 24729"
B0400,Ramos Ltd,michaelwebb@bradley-williams.info,healthcare,"787 Forbes Cape, Lake Teresa, AL 10912|68270 Jeffrey Park, West Kristenhaven, TN 76277"
B0401,"Mcmahon, Ballard and Massey",pestrada@price-george.com,hotel,"996 Jessica Shoals, Vegaville, TN 61145"
B0402,"Glenn, Martinez and Stewart",hmitchell@alvarez.com,technology,"1048 Jeremy Creek, Mitchelltown, FL 78086|USS Johnson, FPO AP 54596|0743 Bates Alley Apt. 186, Robertmouth, VI 70409"
B0403,Macdonald-Montoya,ojohnson@rhodes-leach.org,healthcare,"97738 Sabrina Pass Suite 898, Anthonyview, TX 50024|8721 Morgan Gardens Apt. 525, Longmouth, VT 73710|785 Travis Avenue, Markmouth, NM 05425"
B0404,Boyd-Smith,ptate@watson.com,transport,"774 Sullivan Summit, East Mark, WA 74664"
B0405,Casey-Norman,herberttucker@wilson.com,hotel,"53976 John Estate Apt. 236, South Jasmineville, RI 76158"
B0406,Hudson Inc,fgallegos@williamson-oconnell.com,technology,"946 Leslie Crescent, Ronaldfurt, GU 92898"
B0407,Becker and Sons,marshalljeremy@nguyen-harper.com,hotel,"0788 Mckenzie Lodge, East Jenniferland, IN 99307|5349 Tabitha Course Apt. 562, Meyerview, NH 90022|USS Vargas, FPO AE 79108"
B0408,"Middleton, Woods and Thompson",reesedavid@sanchez-ryan.biz,healthcare,"08264 Douglas Centers Suite 084, South Daniel, KS 79894|95151 Sanders River, Dwaynetown, NV 79510"
B0409,"Watkins, Gray and Harper",andersontodd@vincent-campbell.com,restaurant,"786 Barry Cape, West Rebecca, IA 35498|759 Rogers Junctions, Dawnmouth, NH 01666|79376 Jason Crest Suite 038, Grayborough, AK 83384"
B0410,Macdonald LLC,alexis31@molina-lee.com,online retail,"1211 Martin Knoll Apt. 337, West Jessica, MS 59131"
B0411,Stevens-Keller,regina50@singleton.info,technology,"40051 Peterson Prairie, Taylorshire, AZ 88116|USNV Bennett, FPO AP 35614|75932 Johnson Cove, Gutierrezville, NV 80120"
B0412,Cruz PLC,nfuller@williams.com,healthcare,"368 Alyssa Mountain, Vanessaberg, GA 36979"
B0413,Williams Ltd,stephen17@armstrong-cooper.com,transport,"642 Taylor Neck, Nicolechester, NC 53021|5761 Perry Curve Apt. 711, Kimberlyburgh, OR 74045|USNS Jarvis, FPO AA 63146"
B0414,"Taylor, Smith and Rivera",scott31@walker.com,hotel,"1806 Guzman Valleys, Sharonmouth, PR 69688|24752 Nelson Lakes, New Andrew, TN 52798|41049 Glover Rest, Ralphton, IL 82739"
B0415,Lester LLC,samantha91@bolton-strickland.biz,technology,"PSC 4392, Box 4880, APO AP 94548"
B0416,"Kelly, Cooper and Robinson",caldwelljames@chavez.com,technology,"5310 Harris Knoll Apt. 274, Port Clintonshire, GU 31561"
B0417,Flores PLC,kathybarber@escobar.biz,hotel,"51394 Bradford Harbors, Lake Steven, OR 16815|3573 Timothy Mews, Delgadohaven, NH 83262|27710 Owens Ridges Apt. 336, New Angelica, WA 18557"
B0418,Wright-Robinson,nelsonallison@ryan.com,restaurant,"5438 Matthew Views, Williamsport, AZ 74338|47875 Wilson Estate, South Rogerborough, ME 60232|267 Morris Ferry, Colemanport, NY 81673"
B0419,"Short, Fox and Anderson",uhaas@williams-mann.biz,hotel,"29456 Frank Well Suite 830, Michaelburgh, MA 94186"
B0420,Diaz and Sons,derekmason@cline-martinez.org,technology,"USNV Sullivan, FPO AP 21688|846 Terry Prairie Suite 535, Lake Anthony, WY 28195|USNV Bass, FPO AA 98872"
B0421,Rodriguez-Wilkinson,josephmarshall@watts-logan.com,hotel,"7967 Catherine Stream, South Crystal, MH 87976"
B0422,Pugh Ltd,hkim@holloway-koch.biz,restaurant,"3417 Amanda Streets, Hawkinsside, AZ 13172|577 Ellis Walk, Josephfort, MO 81376"
B0423,Moore Ltd,jodijohnson@anderson-delgado.org,transport,"504 Fowler Square, Anthonyberg, PA 81279|7833 Diana Circle Apt. 194, West Julie, LA 14241"
B0424,Keller PLC,alexandria44@martin.com,hotel,"80318 Brown Lane Suite 125, Sullivanhaven, GA 17030|0730 Dennis Freeway, Port Luis, MD 12004|PSC 7192, Box 3052, APO AE 58377"
B0425,"Moran, Brown and Wilson",lanetiffany@nelson.info,restaurant,"56278 Myers Plains Suite 851, West Annaside, WV 52756|USS Miller, FPO AA 66242|718 Jessica Turnpike Apt. 558, Johnsonmouth, RI 37717"
B0426,Mullen-Thompson,hprince@norton-hunt.com,online retail,"55738 Robertson Common, Josephmouth, NM 28992|Unit 3141 Box 4073, DPO AE 07310"
B0427,Martinez PLC,dolson@rodriguez.com,online retail,"16655 William Valley Apt. 858, Bautistaton, CT 42797|81828 Simon Island, Williamschester, HI 23395|18127 Ashley Flat Suite 695, Port Josephbury, MP 55582"
B0428,"Gilmore, Morgan and Ryan",jonesjason@cameron-parker.biz,technology,"4582 White Island Apt. 132, Charlotteburgh, ID 66586|02861 Ian Rapid Apt. 382, East Sheila, OR 16878|146 Stephanie Drive Apt. 578, Zunigafort, NC 45101"
B0429,"Campos, Turner and Klein",dillonjacob@johnson.org,hotel,"51790 Simmons Viaduct, New Carl, CT 49663|689 Chad Spring, East Ashleychester, IL 03555|2532 Zachary Dale, Austinchester, WI 51526"
B0430,Robertson-Mcbride,tcole@jackson.com,technology,"6762 Torres Hollow, Rangelland, OR 59456|5911 Ramirez Gardens Suite 222, West Sandraborough, WA 33903"
B0431,Miller-Powell,anakelly@king-johnson.com,restaurant,"103 Hudson Heights Suite 475, Lake Madison, NY 03766|4907 Miller Islands, New Davidmouth, UT 21627"
B0432,Klein-Salazar,tanyafry@collins-bennett.com,healthcare,"4427 Anthony Course Apt. 917, Kennedystad, NJ 68838|909 Angela Mission, Joshuaport, RI 33234|8247 Ebony Forest, Cesarview, WV 44483"
B0433,Johnson-Thomas,olsonnicholas@johnson.com,hotel,"131 Brooks Pike, Joyceside, PW 77908|49022 Steven Plain Suite 170, North Carlosfurt, NV 74672"
B0434,Shaw-Kelly,philip88@lopez.com,online retail,"285 Randy Expressway Apt. 882, Moniquechester, ND 37759"
B0435,"Miller, Sandoval and Vang",wroberts@rhodes-stephenson.com,hotel,"05378 Kevin Roads, Curtisview, OK 06202|228 Kennedy Tunnel Suite 944, Davidtown, DE 62428"
B0436,Diaz Group,lopeznicholas@wright-johnson.com,online retail,"0134 Timothy Crest, Larsonfurt, MH 64582|2403 Stewart Mission Suite 073, Johnsonstad, KY 42774"
B0437,Johnson Inc,craigmark@evans-thornton.com,technology,"76238 Finley Isle, Freemantown, WV 81935|Unit 3615 Box 6160, DPO AE 85604|085 Douglas Cape, West Makayla, WY 10654"
B0438,Good and Sons,sharrison@perez-owen.com,healthcare,"9503 Jason Way, Port Josephfort, WY 67547|0948 Keith Ridge Apt. 826, Joneschester, MT 64747"
B0439,Woods LLC,jacquelinefisher@johnson.org,hotel,"Unit 6106 Box 7661, DPO AE 26434"
B0440,"Levy, Weaver and Valdez",christopherking@davis.com,restaurant,"217 Simpson Squares, North Johnmouth, MP 43724|983 Wells Meadow, Angelicatown, IL 01931"
B0441,Green-Horne,ymartinez@chapman.com,online retail,"4205 Tyler Cape, Bobbybury, CT 31200|Unit 1892 Box 6205, DPO AP 23049"
B0442,Smith and Sons,maria87@shea.com,online retail,"08614 Jacqueline Tunnel Suite 207, Katieport, VT 04678|2929 Jasmine Turnpike, North Jillside, MA 25948"
B0443,Smith-Lopez,christopher84@hunt.com,hotel,"322 Stewart Green, Aaronport, VI 57127|570 Heather Center Suite 918, Melissaborough, NY 24591"
B0444,"Harrison, Glenn and Duran",edonovan@hawkins.com,hotel,"2062 Esparza Mountain, Melissabury, MN 46979|856 Whitney Loaf, Port Gary, AR 99804|1528 Montes Crossroad, Lake Sharonfurt, UT 74588"
B0445,"Jackson, Diaz and Moore",tchung@barry.com,healthcare,"66616 Corey Spurs, East Amber, VA 75178|3952 Gina Dam Apt. 172, New Brianport, DC 51123"
B0446,"Thompson, Burton and Moore",roywilliam@nguyen.com,technology,"03536 Smith Manors Apt. 579, Port William, RI 09662"
B0447,Hart Group,joe23@perez-smith.com,technology,"147 Galvan Plaza, Port Micheal, MH 55656"
B0448,"Lewis, Allen and Anderson",dholt@montoya.com,transport,"PSC 3803, Box 8693, APO AP 60425"
B0449,"Murphy, Sutton and Jones",rhodesaaron@brown.com,healthcare,"PSC 6356, Box 1400, APO AP 56071|960 Burke Forks Suite 164, Kingbury, UT 13885"
B0450,"Solomon, Mathews and Frye",stanleyelizabeth@fox-martin.org,restaurant,"03542 Roberta Centers, Lake Robert, PA 42745|79069 Douglas Circle Apt. 530, Morrisburgh, UT 69898|43397 Jackson Greens Suite 884, East Jonathan, MN 28521"
B0451,"Carpenter, Ward and Barry",eric82@white.org,online retail,"Unit 4324 Box 3974, DPO AP 41116|1798 Molly Crossing, Saramouth, WV 15922|149 Richards Station, Daltonfurt, CA 65735"
B0452,Mccarthy Ltd,mitchellguzman@ellis.net,restaurant,"5940 Brooks Road, Port Michellechester, PW 76120|016 Parks Stravenue Suite 833, West Keith, AZ 13894|152 Kelly Camp, East Briannachester, NJ 09108"
B0453,"Jones, Murphy and Brooks",marilynwilkerson@thompson-garcia.com,healthcare,"4024 Anthony Course Apt. 468, Port Jeffreystad, MP 08415|3708 Judith Extension, Melissabury, MH 26107"
B0454,Dennis-Valentine,webbkayla@shepard-cook.com,restaurant,"Unit 7486 Box 7625, DPO AE 35121"
B0455,"Vega, Young and Arellano",bsmith@parker.org,transport,"070 Diaz Meadows, Port Lisa, MH 38217|156 Mata Glens, Dawsonside, NM 01864"
B0456,Beard-Castillo,kevin44@murray.net,online retail,"5491 Erin Mount, South Zachary, IL 01008|7037 Cunningham Lights Suite 472, Sheltonview, OK 09296"
B0457,Elliott-Fleming,barrsarah@flynn-williams.net,healthcare,"99081 Yu Summit Apt. 021, Gutierrezside, MT 78332"
B0458,Pierce-Jones,ewilson@sullivan.com,hotel,"695 Renee Mountains Apt. 369, Welchhaven, AR 82635|PSC 4532, Box 0586, APO AE 43950|142 Carmen Forest Suite 791, Robertsmouth, VA 23702"
B0459,Gonzalez and Sons,benjamin84@diaz.com,technology,"9879 Patel Haven Apt. 560, North Kimberlyville, PW 84969|52259 Taylor Coves Apt. 119, Medinaborough, SC 58397"
B0460,Miller PLC,cooperallison@trujillo-mcdaniel.biz,restaurant,"5168 Nicole Well Suite 372, Hamiltonfort, AL 41100|USCGC Mcdonald, FPO AA 39390|61797 Anthony Glens, Dennisside, SC 38983"
B0461,Mahoney LLC,iwilliamson@gonzalez.info,technology,"059 Judith Way, Johnborough, PW 88482|3063 Olson Gateway, New Steven, MH 46564"
B0462,Hawkins LLC,michael42@williamson.net,restaurant,"289 Anthony River, Patrickside, TX 93899|22367 Brenda Highway, Christopherburgh, MO 96487|6705 David Rue Apt. 626, West Adam, WY 10358"
B0463,Davis LLC,gonzaleznatalie@lee.com,technology,"8297 Sarah Underpass Apt. 634, Port Davidport, ME 41309|351 Erin Club, Patriciamouth, WY 56794"
B0464,"Richard, Patel and Pacheco",shawnshaw@brown.info,hotel,"10267 Cook Groves Apt. 684, West Erinport, UT 54951|3156 Johnson Manor Apt. 974, Jonathanfurt, GA 66017|48127 Sharon Fords, North Brittany, MA 41803"
B0465,Cochran-Murray,victoriapadilla@porter-hall.com,restaurant,"359 Lawson Union Apt. 190, Lake Judy, TX 31889|72117 Richardson Brook, Dawnshire, DC 43818"
B0466,Green-Armstrong,caleb51@hicks.com,hotel,"4848 Moore Plains, Evanschester, PA 12926|08712 Johnson Canyon Suite 483, Mcfarlandtown, MN 64074"
B0467,Romero-Anderson,torrestanya@humphrey.com,online retail,"5062 Cynthia Locks Suite 516, Maryberg, CA 12348"
B0468,Randall-Brewer,brandonstevens@stewart.com,healthcare,"366 Hutchinson Forest, East Veronicaside, GU 21321"
B0469,Hopkins-Allen,bstanton@washington.com,hotel,"76085 Wilson Place Apt. 215, North Bretthaven, PW 53913"
B0470,Wood-Mcgee,laura01@mcgee.com,healthcare,"27644 James Ramp Apt. 168, Jaimeport, PA 55717|9698 Glenn Roads, West Richardshire, NE 14364|943 Jacobs Club Suite 651, Shawnbury, CT 26781"
B0471,Vaughn PLC,anthony44@morgan-reed.com,healthcare,"21321 Sharon Dale, Johnmouth, MS 46234"
B0472,"Mitchell, Miller and Lopez",pweeks@jones.com,online retail,"13687 Woods Drives Suite 713, New Paige, NY 04447"
B0473,"Collins, Perry and Nichols",pwebb@thomas.com,healthcare,"490 Griffin Islands, Murrayview, GA 49727|93004 Cox Walk Suite 001, Port Margaretfurt, DE 50603"
B0474,Lewis-Leonard,kingchristina@cortez-walls.com,hotel,"5020 Michael Courts Apt. 772, New Joelbury, FM 94643|54790 King Mountain Suite 427, Adamton, NE 49731|2485 Shelley Row Apt. 610, South Katherinestad, AR 22152"
B0475,"Bonilla, Barnett and Davis",jimmy68@maldonado.com,technology,"67044 Gonzalez Ports Apt. 220, Garyville, LA 05019|32391 Jones Shoal, New Jeffrey, NH 02740|66903 Madison Forest, Port Tannerfort, MD 62755"
B0476,James Ltd,turnerrachel@williams.com,technology,"8900 Jonathan Track Apt. 371, Mcphersonport, NJ 89933|USNS Anderson, FPO AE 56342"
B0477,"Vasquez, Jones and Morris",stewartkevin@taylor-richardson.biz,transport,"27466 Jose Radial, Port Kimberlyville, HI 43621"
B0478,Smith LLC,gregory46@mcclure.biz,hotel,"19197 Price Mews, South John, AR 14393"
B0479,Valenzuela PLC,grobinson@thomas.com,hotel,"96180 Ibarra Haven Apt. 595, Hernandezbury, NJ 07926"
B0480,Smith-Murphy,katherinebentley@villegas-jones.com,hotel,"53781 Hancock Points Apt. 002, Lisamouth, MH 90160"
B0481,Gonzalez-Davis,emily97@gray.org,healthcare,"495 Harris Inlet Suite 089, Rosarioport, GA 32887|676 Patrick Trace Suite 748, West Joseph, UT 81339|40411 Baker Brook Apt. 839, South Henry, NJ 64090"
B0482,"Hernandez, Ford and Stuart",davidjohnson@blankenship.com,online retail,"3616 Connie Landing Suite 881, New Edwardfurt, ME 50818|198 Paula Corner Apt. 498, Bruceburgh, MI 34532"
B0483,"Mendoza, Munoz and Wang",ronald37@garcia-schmidt.com,transport,"PSC 2129, Box 1627, APO AA 44056"
B0484,Finley and Sons,jenniferdavis@sanchez.biz,technology,"568 Kristy Mountain, Burnsville, WA 90529|75687 Boyd Viaduct, Newtonmouth, CT 21378"
B0485,"Edwards, Gonzalez and Warren",matthewsanchez@winters.com,healthcare,"4205 Lucas Corner, West Wanda, VI 52665"
B0486,Lynch-Decker,james43@everett.com,healthcare,"816 David Rapid, West Chris, AL 05158|8104 Keith Springs Apt. 330, West Jonathan, NC 56800"
B0487,"Lynn, Duffy and Ford",combsjames@hernandez.net,transport,"2291 Atkinson Overpass, Port Gail, FM 33100"
B0488,Hall Ltd,ncraig@medina.com,technology,"3089 Barr Route Suite 699, Harringtontown, AS 66058|9681 Melissa Views, Shellymouth, MA 27684"
B0489,Barber-Thompson,laura66@garrison-washington.info,restaurant,"307 Charlotte Parkway, Susanland, WY 63388|274 Wyatt Motorway, Port Terri, ND 66816"
B0490,Carroll Ltd,aprilvang@webster.com,restaurant,"59074 Susan Squares, Lake Francisshire, AK 46885|1049 Autumn Roads Suite 175, Matthewport, MS 94890"
B0491,"Daniel, Anderson and Carlson",marshjohn@jones.com,online retail,"706 Leah Run Suite 253, Bettytown, AS 05421"
B0492,"Jones, Chang and Green",amanda67@garza.com,hotel,"09123 Sean Summit Suite 223, Vincentborough, ND 47145|7809 Deborah Stream Apt. 775, Port Michelleview, SC 31845"
B0493,Zavala-James,jonathan12@peters-mitchell.com,transport,"02772 Catherine Shoal, Moralesland, UT 66082"
B0494,Fuller PLC,danielle32@whitaker.com,restaurant,"727 Amanda Isle Apt. 045, Bennettchester, FM 79955|489 Brenda Field Apt. 643, New Bobshire, MT 93384"
B0495,"Williams, Jackson and Shaw",wcarpenter@henson.biz,transport,"6216 Mcdowell Crossing Apt. 203, Amandastad, ID 08327|484 Colleen Row, Savannahchester, VT 67006|59463 James Crest, Millsside, CT 59634"
B0496,"Johnson, Clark and Porter",lynn18@davis.biz,healthcare,"048 Ryan Green, North Tina, NC 67595|495 Ramos Island, Jacobsonmouth, OH 63818|0468 Smith Springs, West Andrea, PW 94077"
B0497,"Lawrence, Richardson and Hayes",stephanie44@fisher-evans.info,transport,"1277 Elizabeth Rapid Suite 409, Lake Ian, AL 10611"
B0498,Wilkinson-Schultz,deleondevin@madden-kidd.com,online retail,"Unit 9102 Box 0165, DPO AE 05033|2918 Michael Isle, Shawnaport, PR 81762|6199 Fuller Falls, South Philip, NY 71028"
B0499,James-White,jessicacole@ford-daniel.com,hotel,"357 Watkins Prairie Suite 830, Powellfort, ND 70255"
B0500,Duarte-Graham,lisa23@brown.com,online retail,"4259 James Ways Apt. 440, Lake Richard, PR 34980"
